title,synopsis,synopsis_word_count
Watanuki-san Chi to,Second season of .,4
Dungeon ni Deai wo Motomeru no wa Machigatteiru Darou ka IV,Fourth season of .,4
"Maou Gakuin no Futekigousha: Shijou Saikyou no Maou no Shiso, Tensei shite Shison-tachi no Gakkou e Kayou 2nd Season Part 2",Second half of .,4
Jashin-chan Dropkick X,Third season of .,4
"Komi-san wa, Comyushou desu. 2nd Season",Second season of .,4
Otona no Ikkyuu-san 2nd Season,The second season of .,5
Ninja Tamamaru: Toukaidou Gojuusan-ji,The third season of .,5
Hataraku Maou-sama! 2nd Season,Second season of,3
Jingju Mao Zhi Xinnian de Maoxian,Second season of .,4
Mairimashita! Iruma-kun 3rd Season,Third season of .,4
UFO Senshi Dai Apolon 2,Second season of UFO Senshi Dai Apolon.,7
Karaoke Senshi Mike-tarou,A story about kids fighting with Karaoke.,7
Love Live! Superstar!! 2nd Season,Second season of .,4
Ma-eum-uisoli Season 3,Third Season of .,4
Machikado Mazoku: 2-choume,Second season of .,4
"Ijiranaide, Nagatoro-san 2nd Season",Second season of . ,4
Jingju Mao Zhi Cheng Feng Polang,Third season of .,4
Gan Gan Ganko-chan 2nd Season,Second season of the anime series.,6
Kkoma Bus Tayo 3,The third season of .,5
Tamagotchi! Tamatomo Daishuu GO,New anime series.,3
Kaguya-sama wa Kokurasetai: Ultra Romantic,Third season of .,4
Kaoru no Taisetsu na Mono,Spin-off of with super deformed characters.,6
Noramimi 2,Sequel to Noramimi.,3
Kuma Kuma Kuma Bear 2nd Season,Second season of .,4
Youkoso Jitsuryoku Shijou Shugi no Kyoushitsu e (TV) 3rd Season,3rd season of .,4
Itai no wa Iya nano de Bougyoryoku ni Kyokufuri Shitai to Omoimasu. II,Second season of,3
Saihate no Paladin 2nd Season,Second season of .,4
Kyoukai Senki Part 2,Second part of .,4
Kami-tachi ni Hirowareta Otoko 2nd Season,Second season of .,4
Tate no Yuusha no Nariagari Season 3,Third season of .,4
Rail Romanesque 2nd Season,Second season of .,4
Jujutsu Kaisen (TV) 2nd Season,Second season of .,4
Gozonji! Kakuza Tousan,The second season of the franchise.,6
Shin Dokonjou Gaeru,Continuation of series.,3
Yukai na Animal Bus 2nd Season,Second season of .,4
Komatsu Sakyo Anime Gekijou,The collection of short SF stories.,6
Cardfight!! Vanguard: overDress Season 4,Fourth season of .,4
Poputepipikku 2nd Season,Second season of .,4
Tonikaku Kawaii 2nd Season,Second season of .,4
Kakugen! Kakuza Tousan,The third season of of the franchise.,7
Picchipichi Shizuku-chan,Third season of .,4
Neko Konogoro,Based on the characters created by Study.,7
Kkoma Bus Tayo 4,The fourth season of .,5
Kkoma Sinseon Tao 2,A direct continuation of .,5
Cocomong 3,The third season of .,5
Ma-eum-uisoli Season 2,Second season of .,4
Kyokou Suiri 2nd Season,Second season of .,4
Bungou Stray Dogs 4th Season,Latest season of .,4
Tate no Yuusha no Nariagari Season 2,Second season of .,4
Showtime!: Uta no Oneesan datte Shitai 2nd Season,Second season of .,4
Uzaki-chan wa Asobitai! 2nd Season,Second season of,3
Panpaka Pants O New-san,Sequel to .,3
Cocomong 2,The second season of .,5
Xiao Hua Xian 3rd Season: Shou Hu Tian Shi,Third season of .,4
Bary-san no Imabari-ben Kouza,Stars Ehime Prefecture's mascot Barysan.,5
Feng Shu Zhan Jing 2,Second season of .,4
"Slime Taoshite 300-nen, Shiranai Uchi ni Level Max ni Nattemashita 2nd Season",Second season of .,4
Micchiri Wanko! Animation,Spin-off of .,3
Neko Jockey 2nd Season,Second season of .,4
Mob Psycho 100 III,Third season of .,4
Motto! Majime ni Fumajime Kaiketsu Zorori 3rd Season,Third season of .,4
Motto! Majime ni Fumajime Kaiketsu Zorori 2nd Season,Sequel to,2
Youjo Senki II,Second season of .,4
Kkoma Bus Tayo 2,The second season of .,5
Pikaia!!,Second season of .,4
Seijo no Maryoku wa Bannou Desu 2nd Season,Second season of .,4
Gra-P & Rodeo II,2nd Season of .,4
Overlord IV,Fourth season of .,4
Power Battle Watch Car Season 2,The second season of .,5
Shin Ninja Tamamaru,The second season of .,5
The Legend of Huainanzi 2nd Season,Second season of The Legend of Huainanzi.,7
Chibinacs 3,The 3rd and final season of Chibinacs.,7
Shounen Ashibe 2,Sequel to,2
Cardfight!! Vanguard: Will+Dress,Third season of .,4
Dochamon Junior 2,The second season of .,5
Rikei ga Koi ni Ochita no de Shoumei shitemita. Heart,Second season of,3
Magia Record: Mahou Shoujo Madoka☆Magica Gaiden (TV) Final Season - Asaki Yume no Akatsuki,Final season of .,4
Yama no Susume: Next Summit,New anime.,2
Tokyo Mew Mew New ♡,New anime.,2
Spy x Family Part 2,The second cour of .,5
Musashino!,Sequel series to .,4
Honzuki no Gekokujou: Shisho ni Naru Tame ni wa Shudan wo Erandeiraremasen 3rd Season,Third season of .,4
Taeko no Nichijou 2nd Season,Sequel of .,3
Vinland Saga Season 2,Second season of .,4
Dr. Stone 3rd Season,"Third season of , airing in 2023.",7
Mukashi Keibanashi 2nd Season,Second season of .,4
"Maou Gakuin no Futekigousha: Shijou Saikyou no Maou no Shiso, Tensei shite Shison-tachi no Gakkou e Kayou 2nd Season",Second season of .,4
Yowamushi Pedal: Limit Break,Fifth season of the series.,5
Seizei Ganbare! Mahou Shoujo Kurumi 3rd Season,Third season of .,4
Konu to Tanoshii Otomodachi,Part of TV Tokyo's Kinder TV program.,7
Shadows House 2nd Season,Second season of .,4
Golden Kamuy 4th Season,Fourth season of .,4
Yatogame-chan Kansatsu Nikki 4th Season,Fourth season of .,4
Tokyo Revengers: Seiya Kessen-hen,Second season of .,4
Kingdom 4th Season,Fourth season of .,4
Tsuki ga Michibiku Isekai Douchuu 2nd Season,Second Season of .,4
Goblin Slayer 2nd Season,Second season of .,4
"Kanojo, Okarishimasu 2nd Season",Second season of .,4
Fumetsu no Anata e 2nd Season,Second season of .,4
Mushoku Tensei: Isekai Ittara Honki Dasu 2nd Season,Second season of .,4
Pururun! Shizuku-chan Aha,Second season of Pururun! Shizuku-chan.,5
Neko Neko Nihonshi 3rd Season,Third season of .,4
Love Live! Nijigasaki Gakuen School Idol Doukoukai 2nd Season,Second season of .,4
Akachan Honbuchou 2nd Season,The second season of .,5
Lalalacoco II,Second season of Lalalacoco.,4
Muv-Luv Alternative 2nd Season,Second season of .,4
Cap Kakumei Bottleman DX,Second season of .,4
Seirei Gensouki 2nd Season,Second season of .,4
Youkoso Jitsuryoku Shijou Shugi no Kyoushitsu e (TV) 2nd Season,Sequel to .,3
Peter Grill to Kenja no Jikan 2nd Season,Second season of .,4
Date A Live IV,Fourth season of .,4
Shin Tennis no Ouji-sama: U-17 World Cup,Sequel to .,3
Mono-darake!,Everyday objects come to life.,5
Kyuuketsuki Sugu Shinu 2nd Season,Second season of .,4
Kimoshiba 2,The second season of .,5
Hello Cocomong 2,The second season of .,5
Kaginado Season 2,Second season of .,4
Boku no Hero Academia 6th Season,Sixth season of .,4
Kimetsu no Yaiba: Katanakaji no Sato-hen,Swordsmith Village Arc of .,5
Peach Command Shin Momotarou Densetsu,A continuation of .,4
Super Zugan,A story about mahjong.,4
Edens Zero 2nd Season,Second season of .,4
Kkoma Bus Tayo 5,The fifth season of .,5
Wangu Xian Qiong III: Eren Gu Pian,Third season of .,4
Monkey Turn V,Sequel to .,3
Mewkledreamy Mix!,Second season of .,4
Marie & Gali ver. 2.0,The second season of Marie & Gali.,7
Lovely Movie: Itoshi no Muco Season 2,Second season of the Lovely Muco series.,7
Furusato Meguri: Nippon no Mukashibanashi,Sequel series to .,4
Moonlight Mile 2nd Season: Touch Down,The second season of Moonlight Mile.,6
Saru Getchu: On Air 2nd,Saru Getchu: On Air sequel.,5
Rilu Rilu Fairilu: Mahou no Kagami,Second Season of .,4
Kiratto Pri☆chan Season 3,Third season of .,4
Yowamushi Pedal: Grande Road,Second season of the series.,5
Shounen Ashibe: Go! Go! Goma-chan 4,Fourth season of .,4
Shin Chuuka Ichiban! 2nd Season,Sequel of .,3
Greek Roman Sinhwa: Olympus Guardian,The animated form of the Korean manhwa.,7
Ashita Tenki ni Naare,The adventures of a young golf player.,7
Neko Neko Nihonshi 2nd Season,Second season of .,4
The☆Ultraman,The first animated Ultraman series.,5
Dae Jang Geum: Jang Geum's Dream 2,Second season of .,4
Shounen Ashibe: Go! Go! Goma-chan 3,Third season of .,4
Shounen Ashibe: Go! Go! Goma-chan 2,Second season of .,4
Ginga Tetsudou Monogatari: Eien e no Bunkiten,Second season.,2
Shin Chou Kyou Ryo: Condor Hero II,Continuation of Legend of the Condor Hero.,7
Tesagure! Bukatsumono Encore,Second season of .,4
Ninja Hattori-kun (2012),Remake of the series.,4
Gebäude Bäude,Final chapter of Disney's Fireball series.,6
Gon 2nd Season,Continuation of the series.,4
Q Transformers: Saranaru Ninki Mono e no Michi,Second season of .,4
Otogi Manga Calendar,A continuation of .  (Source: Cartoon Research),7
Hyakka Ryouran: Samurai Bride,Second season of Hyakka Ryoran: Samurai Girls.,7
Yami Shibai 10,Tenth season of,3
Kakko Kawaii Sengen! 2,Second season of Kakko Kawaii Sengen!,6
Future Card Buddyfight Battsu: All-Star Fight,The fifth season of .,5
TV Yarou Nanaana: Kaibutsu Kraken wo Oe!,Third season of .,4
Nobunaga no Shinobi: Anegawa Ishiyama-hen,Third season of the series.,5
Marvel Future Avengers 2nd Season,Second season of .,4
Tentai Senshi Sunred 2nd Season,The second season of .,5
Mini Hama: Minimum Hamatora,Super deformed .,3
Cinderella Girls Gekijou: Climax Season,Fourth season of .,4
World Fool News (TV) Part II,Direct continuation of .,4
Flowering Heart 2,The second season of .,5
Usavich Zero,Prequel to the first Usavich season.,6
Haitai Nanafa 2nd Season,Continuation of the first season.,5
Gurazeni Season 2,Second season of .,4
Yaku nara Mug Cup mo: Niban Gama,Second season of .,4
Kaito x Ansa,Second season of .,4
Usavich V,The fifth season of Usavich.,5
Cinderella Girls Gekijou 3rd Season,The third season of .,5
Hoozuki no Reitetsu 2nd Season: Sono Ni,The second cour of season 2.,6
Isekai Maou to Shoukan Shoujo no Dorei Majutsu Ω,Second season of .,4
Tesagure! Bukatsumono Spin-off Purupurun Sharumu to Asobou,A spin-off of the series.,5
Muhyo to Rouji no Mahouritsu Soudan Jimusho 2nd Season,Second season of .,4
Usavich IV,The fourth season of Usavich.,5
Himitsukessha Taka no Tsume: Golden Spell,Latest series to be aired on TV.,7
Time Bokan: Gyakushuu no San Akunin,Second season of .,4
Yatogame-chan Kansatsu Nikki Sansatsume,Third season of .,4
Kyoukai no Rinne (TV) 3rd Season,The third season of .,5
ClassicaLoid 2nd Season,Second season of .,4
Soukyuu no Fafner: Dead Aggressor - Exodus 2nd Season,Continuation of .,3
Wooser no Sono Higurashi: Kakusei-hen,Second season of .,4
Cinderella Girls Gekijou 2nd Season,The second season of .,5
Future Card Buddyfight Battsu,The fourth season of .,5
Isekai Shokudou 2,Second season of .,4
Cardfight!! Vanguard G: Next,Third season of series.,4
Cardfight!! Vanguard G: Z,Fourth season of series.,4
Uchuu Senkan Tiramisù II,Second season of .,4
Future Card Buddyfight Triple D,Third season of .,4
Amanchu! Advance,Second season of .,4
Yatogame-chan Kansatsu Nikki Nisatsume,Second season of .,4
Osomatsu-san 3rd Season,Third season of .,4
Magia Record: Mahou Shoujo Madoka☆Magica Gaiden (TV) 2nd Season - Kakusei Zenya,Second season of .,4
Miss Monochrome The Animation 3,Third season of .,4
Tantei Opera Milky Holmes Dai 2 Maku,Second season of Tantei Opera Milky Holmes.,7
Sengoku Choujuu Giga: Otsu,Second season of .,4
"Yondemasu yo, Azazel-san. Z","The second season of Yondemasu yo, Azazel-san.",7
The iDOLM@STER Cinderella Girls 2nd Season,Second season of .,4
World Trigger 3rd Season,Third season of .  ,4
Recorder to Randoseru Re♪,Second season.,2
Zoku Touken Ranbu: Hanamaru,Sequel of .,3
Mobile Suit Gundam-san,Anime adaptation of the 4-koma manga .,7
Hakkenden: Touhou Hakken Ibun 2nd Season,Second season of Hakkenden: Touhou Hakken Ibun.,7
Hanyou no Yashahime: Sengoku Otogizoushi - Ni no Shou,Second season of .,4
Mahou Shoujo Nante Mou Ii Desukara. Second Season,Second season of,3
No Guns Life 2nd Season,Second half of .,4
Mitsudomoe Zouryouchuu!,Second season of .,4
Yami Shibai 9,Ninth season of .,4
Hangyakusei Million Arthur 2nd Season,Second season of .,4
Recorder to Randoseru Mi☆,Third season of Recorder to Randoseru.,6
Teekyuu 9,Ninth season of the anime series.,6
Teekyuu 7,Seventh season of the series.,5
Larva,Daily live of two larvae.,5
Teekyuu 8,Eighth season of the anime series.,6
Yowamushi Pedal: Glory Line,Fourth season of the series.,5
Weiß Survive R,The second season of Weiß Survive.,6
Bakugan: Armored Alliance,Second season of .,4
Bubuki Buranki: Hoshi no Kyojin,Sequel of .,3
KochinPa! Dainiki,The second season of,4
Teekyuu 6,Sixth season of the series.,5
Teekyuu 5,Fifth season of series.,4
Shin Strange+,Second season of Strange+.,4
Ushio to Tora (TV) 2nd Season,Continuation of TV series.,4
Teekyuu 4,Fourth season of series.,4
Osomatsu-san 2nd Season,Second season of .,4
Choboraunyopomi Gekijou Dai San Maku Ai Mai Mii: Surgical Friends,Third season of Ai Mai Mii.,6
3D Kanojo: Real Girl 2nd Season,Second season of .,4
Yami Shibai 8,Eighth season of .,4
Teekyuu 3,Third season of Teekyuu series.,5
Bishoujo Yuugi Unit Crane Game Girls Galaxy,Second season of .,4
Zombieland Saga: Revenge,Second season of .,4
Hiiro no Kakera 2,Second season of Hiiro no Kakera.,6
Love Kome: We Love Rice Nikisaku,Second season of .,4
Choboraunyopomi Gekijou Dai Ni Maku Ai Mai Mii: Mousou Catastrophe,Second season of .,4
Teekyuu 2,Second season of Teekyu series.,5
Junjou Romantica 2,The second part of continuing the story.,7
Log Horizon: Entaku Houkai,Third season of .,4
Fairy Gone 2nd Season,Second season of .,4
Tales of Zestiria the Cross 2nd Season,The second season of .,5
One Room Third Season,Third season of .,4
Dagashi Kashi 2,Second season of .,4
IS: Infinite Stratos 2,Second season of .,4
Natsume Yuujinchou Go,Season 5 of .,4
One Room Second Season,Second season of .,4
Super Lovers 2,Second season of .,4
Wo Jia Da Shixiong You Dian Kaopu,Third season of .,4
Tadaima! Chibi Godzilla Season 2,Second season of .,4
Shi Wan Ge Leng Xiaohua 2nd Season,Second season of .,4
Bai Gui Youeryuan 4th Season,Fourth season of .,4
Baolie Feiche 3: Shou Shen Heti,Third season of .,4
Hanhua Riji 3rd Season,Third season of .,4
Ruguo Lishi Shi Yiqun Miao Fanwai,Two extra episodes of .,5
Menghuan Shuyuan 3rd Season,Third season of .,4
Zi Chuan: Yincang Hudong Ju,Alternative timelines of plot points from .,7
Bai Gui Youeryuan 2nd Season,Second season of .,4
Ikinuke! Bakusou! Kusohamu-chan! Episode 0,Episode 0 of,3
Qiang Shen Ji: Xuezu Mishi Pian,Third season of .,4
Qiang Shen Ji: Tegong Shijie Pian,Second season of .,4
Dixia Cheng Yu Yongshi: Nizhuan Zhi Lun,Sequel to .  ,3
Ai Zai Xiyuan Qian 2nd Season,Second season of .,4
Ruguo Lishi Shi Yiqun Miao 4th Season,Fourth season of .,4
Menghuan Shuyuan 4th Season,Fourth season of .,4
Xiao Hua Xian 4th Season: Shou Hu Tian Shi 2,Fourth season of .,4
Qing Chi Hong Xiaodou Ba! 4th Season,Fourth season of,3
Shaonian Jinyiwei Xuzhang,Prologue of .,3
Dou Hun Wei Zhi Xuan Yue Qiyuan II,Second season of .,4
Zhandouban Geji! Shanyao De Richang,Mini anime for series.,4
Bai Gui Youeryuan 3rd Season,Third season of .,4
Get Up! Get Live! #GeraGera Episode 0,Episode 0 of .,4
Ashuai 5th Season,Fifth season of .,4
Ashuai 3rd Season,Third season of .,4
Gu Xiong: Huo Qi,Episode 0 of .,4
Chokkan × Algorhythm♪ 2nd Season,Second season of .,4
Ryuuzou to Shichinin no Kobun-tachi x Frogman,A cross-over between Frogman and .,6
Gonfu Tu Yu Cai Bao Gou 2nd Season,Second season of .,4
Kensaku to Enjin no Christmas,An entirely 3DCG Christmas episode of .,7
Koukaku Kidoutai: SAC_2045 Season 2,Second season of .,4
Zhandouban Geji! Season Zero,Season Zero of .,4
Oniku Daisuki! Zeushi-kun: Suteki na Hamburger,New episode.,2
Guan Hai Ce Zhi Tie Qi Xiong Guan,Second season of .,4
Xing You Ji: Fengbao Famila,The second season of .,5
Yin Yang Shi: Ping An Wu Yu 3rd Season,The third season of .,5
Shanhe Jian Xin 2nd Season,Second season of .,4
Oniku Daisuki! Zeushi-kun 2nd Season,Second season of series.,4
Dou Hun Wei Zhi Xuan Yue Qiyuan IV,Fourth season of .,4
Lengxue Kuang Yan,"Sequel film of , released online.",6
Mei Chuxi De Yinyangshi Yijia 3,The third season of .,5
Quanzhi Gaoshou 3,Third season of .,4
Hua Jianghu: Bu Liang Ren V,Fifth season of .,4
Kabushikigaisha G-anime Saiyou Concept Movie,Promotional anime for the studio G-angle.,6
Wu Shan Wu Xing (2020): Xichuan Huan Zi Lin,Second season of .,4
Tian Bao Fuyao Lu 3rd Season,Third season of .,4
Midori no Kuni no Otomodachi: Koeda-chan,Based on the Takara Tomy toy line. ,7
Shouji Li de Huanxiong Xiao Zhen 2nd Season,The second season of,4
Mei Chuxi de Yinyangshi Yijia 2,Second season of .,4
Ruguo Lishi Shi Yiqun Miao 2nd Season,Second season of .,4
Doupo Cangqiong: Nian Fan,Fifth season of .,4
Kensaku to Enjin no ABC Days,Short educational videos teaching children English words.,7
Hua Jianghu: Huan Shi Men Sheng 2nd Season,Second season of .,4
Yuan Long 3rd Season,Third season of,3
Qing Chi Hong Xiaodou Ba! Wai Zhuan: Mo Xiang Wang,Extra stories of Beanie's Daily.,5
Heibai Wushuang 3rd Season,Third season of .,4
Xiao Hua Xian 5th Season: Si Shi Huayu - Chun Xia,Fifth season of .,4
Taka no Tsume x Hello Kitty ga Masaka no Collab!,A collaboration between the and franchises.,6
Doupo Cangqiong: Yuanqi,Remake of the first season of .,7
Baolie Feiche II: Xing Neng Juexing,Second season of .,4
Shi Wan Ge Leng Xiaohua Di 3rd Season,Season 3 of .,4
Menghuan Xiyou 2,A continuation of .,4
Fudanshi Shoukan: Isekai de Shinjuu ni Hameraremashita 2nd Season,Second season of .,4
Ruguo Lishi Shi Yiqun Miao 6th Season,Sixth season of .,4
Xian Wang de Richang Shenghuo 3,Third season of .,4
VERSEⁿ: Episodeⁿ - Kuusou,Animated promotion for VTuber project VERSEⁿ.,6
Fei Ren Zai 4th Season,Fourth season of .,4
Drawing!!,Abstract short film by Kojirou Shishido.,6
Tiger & Bunny 2,Second season of .,4
Dou Hun Wei Zhi Xuan Yue Qiyuan III,Third season of .,4
Nono-chan Theater,Animated shorts focusing on the Yamada family.,7
Ashuai 4th Season,Fourth season of .,4
Osiris no Tenbin: Season 2,2nd Season to .,4
Hua Jianghu: Bu Liang Ren IV,Fourth Season of .,4
Da Li Si Rizhi 2nd Season,Second season of .,4
Ruguo Lishi Shi Yiqun Miao 7th Season,Seventh season of .,4
Ultraman Season 2,Second season of .,4
Tian Yu 2nd Season: Cang Gu Zhi Ban,Second season of .,4
Toutotsu ni Egypt Shin 2nd Season,Second season of web series.,5
Onegai Patron-sama! Episode 0,The encounter between Asahi and Ryouya.,6
Ani ni Tsukeru Kusuri wa Nai! 5,Fifth season of .,4
Levain Cup x Kamiusagi Rope,A collaboration between and J-League's soccer tournament.,7
Yuusei Koukou Tenmonbu,Web anime for the mixed media project.,7
Seizei Ganbare! Mahou Shoujo Kurumi 2nd Season,Second season of .,4
Yi Shijie Zhongyao Pu 2nd Season,The second season of .,5
Shouxi Yu Ling Shi 2,Second season of . ,4
Ryuusatsu no Kyoukotsu,Part of Anime no Tame 2021.,6
Ruguo Lishi Shi Yiqun Miao 5th Season,Fifth season of .,4
Menghuan Shuyuan: Youxue Ji,Second season of .,4
Hulaing Babies Aratame - Staying Babies: Chikyuu wo Mamore! Staying Babies with Yuusha Hayami-san,Episode 4.5 of .,4
Ashuai 6th Season,Sixth season of .,4
Xingchen Bian: Po Tian Mi Ju,Fourth season of .,4
Qin Shi Ming Yue: Canghai Hengliu,Sixth season of .,4
Cakes,Sweets having idle chatter.,4
Ashuai 2nd Season,Second season of .,4
Liang Bu Yi 2nd Season,Second season of .,4
Shiguang Dailiren II,Second season of .,4
Xi Xing Ji: Suming Pian,The third season of .,5
Quanzhi Fashi VI,Sixth season of .,4
Wangu Xian Qiong IV: Yin Yue Cheng Pian,Fourth season of .,4
Yi Nian Yong Heng: Chuan Cheng Pian,Second season of .,4
Jingju Mao Zhi Jiaota Shidi,Fourth season of .,4
Hachimitsu Suicide Machine,Part of Anime no Tane 2021.,6
Battle Spirits: Mirage,Sequel to .,3
Ruguo Lishi Shi Yiqun Miao 3rd Season,Third season of .,4
Ze Tian Ji 5th Season,The fifth season of .,5
Wu Geng Ji 4th Season,Fourth season of .,4
Shaonian Jinyiwei 2nd Season,The second season of .,5
Huyao Xiao Hongniang: Mu Tiancheng,The tenth season of .,5
Shu,Marie Yasui's graduation film.,4
Fei Ren Zai 3rd Season,Third season of Fei Ren Zai.,6
Ndaho Kekkon Omedetou!!,An animation celebrating Fischer's member Ndaho's marriage.,7
Douluo Dalu: Feng Qi Tang Men,Twelfth part of .,4
Wangu Xian Qiong II,Second season of .,4
Huyao Xiao Hongniang: Liang Shenghua,The eleventh season of .,5
Wan Jie Shen Zhu 3rd Season,Third season of .,4
Cosmos Trailer,Animated trailer for Chronicle's song .,6
Wo Jia Da Shixiong Shi Ge Fanpai,Second season of .,4
Neko Ramen: Ore no Shouyu Aji,The second season of .,5
Yao Shen Ji 5th Season,Fifth season of .,4
Zhen Hun Jie: Bei Luo Shi Men Pian Part 2,Second half of .,4
Wan Sheng Jie 3,Third season of .,4
Xingchen Bian: Xingchen Yao Hai,Third season of .,4
Bai Yao Pu 2nd Season,Second season of .,4
Yuan Long 2nd Season,Second season of .,4
Hanhua Riji 2nd Season,Second season .,3
Wan Jie Shen Zhu 2nd Season,Second season of .,4
Ao no Strada,Promotional anime for Panasonic CN-F1D Strada.,6
Shaonu Qianxian: Renxing Xiao Juchang 2,Second season of .,4
Ze Tian Ji 3rd Season,The third season of .,5
Luo Xiao Hei Zhan Ji: Zhongsheng Zhi Men,Second season of .,4
Ze Tian Ji 4th Season,The fourth season of Ze Tian Ji.,7
Shi Yi Chang An: Mingyue Jishi You Er,Second season of .,4
Huyao Xiao Hongniang: Jin Chenxi,The 9th season of .,5
Fanren Xiu Xian Chuan: Fanren Feng Qi Tian Nan Er,Second part of .,4
Huyao Xiao Hongniang: Wei Sheng,The 8th season of .,5
Potecco Babies (2011),Anime about potato characters continues.,5
Da Wang Bu Gaoxing 2,Second season of .,4
Hitori no Shita: The Outcast 4th Season,Fourth season of .,4
Hua Jianghu: Bu Liang Ren II,The continuation of .,4
Assault Lily: Fruits,Mini anime featuring characters from the franchise.,7
Ze Tian Ji 2nd Season,The second season of .,5
Tenkou Kotofumi,Short animation by Rapparu.,4
Wan Jie Xian Zong 3rd Season,Third season of .,4
Weaving,A bejeweled spider weaves a bejeweled web.,7
Nu Wushen de Canzhuo II,Second season of .,4
"On a Forest, in the Air",A silent short animation by Masanobu Hiraoka.,7
Wan Jie Xian Zong 4th Season,Fourth season of .,4
5-fun de Wakaru: Violet Evergarden,Recap of in 5 minutes. ,5
On the Table,A psychedelic short animation by Masanobu Hiraoka.,7
Fanren Xiu Xian Chuan: Yan Jia Bao Dazhan,Episodes 18-21 of .,4
Aggressive Retsuko (ONA) 4th Season,Fourth season of .,4
Dead World,In the forest ...,4
Ling Long: Incarnation Special,Special chapter of .,4
Ling Jian Zun 3rd Season,Third season of .,4
Potecco Babies,Anime about potato characters.,4
Hortensia Saga,Animated commercials for Sega's mobile game.,6
Xingchen Bian: Yu Li Cang Hai,Second season of .,4
Girls & Panzer: Dai 63-kai Senshadou Zenkoku Koukousei Taikai Recap,A compilation of and .,5
Wu Geng Ji Zhi San Jie,Third season of .,4
Fast Week,The genesis of fast food.,5
Zhen Hun Jie Recaps,Episodes 11.5 and 12.5 of .,6
Kitty-chan wo Sagase! Toyama-shi Stamp Rally,Kitty-chan briefly goes missing.,4
Grendizer Giga,PV for Grendizer Giga manga.,5
Shoujo☆Conto All Starlight,Chibi shorts based on Shoujo☆Kageki Revue Starlight.,7
"Animegataris: Yuku Toshi, Kuru Toshi",Special short episode of streamed on Niconico-douga. ,7
Tian Bao Fuyao Lu 2nd Season,Second season of .,4
Douluo Dalu: Xiaowu Fuhuo,Eleventh part of .,4
Origami of Landscape,An animation of landscapes fluidly changing shapes.,7
Huyao Xiao Hongniang: Zhu Ye,The 7th season of Huyao Xiao Hongniang.,7
Ling Long: Incarnation Final Chapter,Final installment of .,4
Ling Jian Zun 4th Season,Fourth season of .,4
Minegishi-san wa Ootsu-kun ni Tabesasetai,Mini anime series of .,5
Anima Yell! Ouen Douga,Special shorts of released on YouTube.,6
Matsumotokiyoshi x Osomatsu-san,A collaboration between Matsukiyo and .,6
Yume Oukoku to Nemureru 100-nin no Ouji-sama: Short Stories,Short Stories of Anime series .,6
Quanzhi Fashi V,Fifth season of .,4
The King of Fighters: Destiny,CG anime adaptation of fighting game franchise.,7
Ling Long: Incarnation Part 2,Second half of .,4
Wu Dong Qian Kun 2nd Season,Second season of .,4
Robot Girls Z Episode 0,Episode 0 of .,4
Paulette no Isu,noitaminA's 10th anniversary commemoration short special.,6
Yeon-ae Halujeon 2,Second season of .,4
Kakegae no,Short animation by Rapparu.,4
Present made no Michinori,Short animation by Rapparu.,4
Huyao Xiao Hongniang: Qian Yan,The 5th season of Huyao Xiao Hongniang.,7
Princess Connect!,Animated PVs for the mobile RPG franchise.,7
Huyao Xiao Hongniang: Nan Guo,The 6th season of Huyao Xiao Hongniang,7
Shiguang Dailiren Special: Xiaoyao Sanren de Weituo,Chibi-style special episode of .,5
Anison Nippon,Short animation by Rapparu.,4
Seiyuu Deka,A girl who is protecting her city.,7
Against,Short animation by Yukie Nakauchi,5
Huyao Xiao Hongniang: Beishan Yaodi,The 4th season of Huyao Xiao Hongniang.,7
Kowasugimasu.,A bizarre short animation by Takashi Taniguchi.,7
Kemono Friends: Bus-teki,"Special episode 12.1 of , streamed online.",7
Cike Wu Liuqi Fanwai,Extra episodes of Killer Seven.,5
Nanatsu no Taizai: Tsumi no Kokuhaku Dennou Grimoire!,Animated audio-dramas released online.,4
Madan no Ou to Vanadis: Tigre-kun to Vanadi-chu Episode 0,Episode 0 of .,4
Gintama: Monster Strike-hen,Collaboration anime between and .,5
Huyao Xiao Hongniang: Yue Hong,Third season of .,4
Huyao Xiao Hongniang: Wangquan Fugui,Second season of .,4
Douluo Dalu: Chongfan Haotian,Tenth part of .,4
Jingle,Short animation by Rapparu.,4
Hero Mask 2nd Season,Second part of .,4
Guomin Laogong Dai Huijia 3rd Season,The third season of .,5
Nakanaori,Short animation by Rapparu.,4
Hakuchuu Meikyuu,Short animation by Taro Shinkai.,5
Balloon,A short animation by Yutaro Kubo.,6
Mobile Suit Gundam Thunderbolt 2nd Season,The second season of .,5
Yao Shen Ji: Hei Yu Pian,Fourth season of .,4
Kerorinpasu,Short animation by Rapparu.,4
"Wei, Kanjian Erduo La! 2",Second season of .,4
Yao Shen Ji: Ying Yao Pian,Third season of .,4
Quanzhi Fashi IV,Fourth season of .,4
Landmark,Short animation by Taro Shinkai.,5
Douluo Dalu: Shan Yu Yu Lai,The ninth part of .,5
Hololive Alternative,Promotional video for multimedia project.,5
Seikaisuru Kado: Ninovo,Episode 0 of premiering on Amazon Prime.,7
Yao Shen Ji 2nd Season,Second season of .,4
Peeping Life: YouTuber-kun,YouTuber-kun meeting different YouTube celebrities.,5
Yesterday wo Utatte: Haishin-ban Episode,Special episodes released on AbemaTV.,5
Souten no Ken: Regenesis 2nd Season,Second season of .,4
Douluo Dalu: Haishen Zhi Guang,Eighth part of .,4
Douluo Dalu: Hanhai Qian Kun,Seventh part of .,4
001,Short animation by Masaki Okuda.,5
Color Noise,Short animation by Yutaro Kubo.,5
Aya Hito Shiki to Iu na no Ishi Hata,Short animation by Taro Shinkai. ,5
Nude Batter Tetsuo,An independent production by Takashi Taniguchi.,6
Hitori no Shita: The Outcast 3rd Season,Third season of .,4
Inga Nikki,Parody web specials.,3
Douluo Dalu: Xingdou Xian Ji Pian,Sixth part of .,4
Gokushufudou Part 2,Second part of . ,4
Hanma Baki: Son of Ogre,Third part of the series.,5
Douluo Dalu: Hao Tian Yang Wei,Third part of .,4
Ponkotsuland Saga,is a collaboration between and .,6
Quanzhi Fashi III,Third season of .,4
Xian Wang de Richang Shenghuo 2,Second season of .,4
Douluo Dalu: Qian Hua Xi Jin,Fourth part of .,4
"Ayanami Rei, Hajimete no Kuchibeni",Lipstick advertisement involving Rei Ayanami.,5
Kengan Ashura 2nd Season,Second half of .,4
Youjo Shenki,A chibi parody of .,5
Petting a Dog,Short animation by Masaki Okuda.,5
Hitori no Shita: The Outcast 2nd Season,Second season of .,4
Okitegami Kyouko no Bibouroku x Monogatari,A short promotional video cross-promoting and .,7
Sin: Nanatsu no Taizai Zange-roku,Short anime series of .,5
Puparia,Independent short animation by Shingo Tamagawa.,6
Fairy Tail x Mameshiba,Special collaborarion between Fairy Tail and Mameshiba.,7
Otona no Bouguya-san II,Second season of .,4
Doupo Cangqiong 2nd Season,The second season of Doupo Cangqiong.,6
Doupo Cangqiong 3rd Season,The third season of .,5
Doupo Cangqiong 4th Season,Fourth season of .,4
Douluo Dalu: Xiaowu Juebie,Fifth part of .,4
Arakure Junichi no Namida,An independent production by Takashi Taniguchi.,6
Douluo Dalu: Jingying Sai,Second part of .,4
Requiem (ONA),Short animation by Sawako Kabuki.,5
Shigeru,Short animation by Sawako Kabuki.,5
7 Seeds 2nd Season,Second season of .,4
Ai (ONA),Short animation by Rapparu.,4
Okaasan ni Naisho,Music video by Sawako Kabuki.,5
Sword Gai The Animation Part II,Part II of .,4
The Embryo Develops into a Fetus,Short animation by Mirai Mizue.,5
◯,Sawako Kabuki hand-drawn animation.,4
Minna no Taabou Konnichiwa,"Taabou travels around saying ""hello"" to everyone.",7
Strike the Blood Final,Fifth season of .,4
Momotarou no Koutsuu Anzen Kyoushitsu,A Momotarou themed traffic safety video.,6
Norakuro Compilation OVA,Recap compilation of the series.,5
Mahou no Star Magical Emi: Finale! Finale!,Summary of the series.,4
Hello Kitty to Miyou: Nihon Mukashibanashi,Hello Kitty themed Japanese fables.,5
1-ri Botchi no Ookami to 7-hiki no Ko Yagi,An adaptation of the story.,5
Go Go Toraemon,Based on the manga by Takahashi Haruo.,7
Choujikuu Seiki Orguss Memorial,Summary of TV series.,4
Ojiichan ga Nokoshite Kureta Mono: Moetemo Moenai? Moenikui!,Japan Fire Retardant Association prevention video,6
Shippuu! Iron Leaguer: Silver no Hata no Moto ni,Shippuu! Iron Leaguer OVA.,4
Pokopon no Satogaeri,Pokopon and friends have a remembrance festival.,7
Toki no Daichi: Hana no Oukoku no Majo,Based on the manga by Yama Miyuki.,7
Nihon no Obake-banashi,Classic Japanese ghost stories for children.,6
Ninja Tamamaru: Rule wo Mamotte Koutsuu Anzen! no Maki,A themed rule and traffic safety OVA.,7
"Soukou Kihei Votoms Vol.I: Stories of the ""A.T.Votoms""",Recap special.,2
Zettai Muteki Raijin-Oh (1992),Continues the story of the TV series.,7
Hana no Asukagumi! 2: Lonely Cats Battle Royale,"Second OVA of ""Hana no Asukagumi!"".",6
"Soukou Kihei Votoms Vol.II: Highlights from the ""A.T.Votoms""",Highlight special.,2
Hakuouki OVA (2021),New OVA.,2
Tono to Issho 1.5,Tono to Issho OVA.,4
Ganbare! Kickers: Bokutachi no Densetsu,A recap episode of .,5
The Hakkenden: Shin Shou,Second part of The Hakkenden.,5
Wellber no Monogatari: Kanashimi no Senshi Galahad no Banka,Summary of the first TV-Series.,5
Osomatsu-kun: Iyami wa Hitori Kaze no Naka,VHS released by Nippon Columbia.,5
Lupin III: Lupin wa Ima mo Moete Iru ka?,A 50th anniversary project.,4
The Gakuen Choujo-tai,Anime based on a 1986 novel.,6
Mayonaka no Occult Koumuin: Hitoribocchi no Kyuuketsuki,2 Unaired Episodes of .,5
Doudou,Independent animation by Hotchi Kazuhiro.,5
Peeping Life: The Perfect Explosion,Another iteration in the Peeping Life franchise.,7
Tsuki wa Higashi ni Hi wa Nishi ni: Operation Sanctuary OVA,Episodes based on Mikoto scenario.,5
Devilman Memorial,Summary of the 1972 Devilman series.,6
"Sora no Iro, Mizu no Iro Ero Specials",DVD Specials,2
Ultraman Graffiti,Super deformed Ultraman shorts,4
Ryoujoku Joshi Gakuen,Based on the game by Guilty.,6
Nurse Witch Komugi-chan Magikarte Z,Sequel to the first series.,5
Shin Koihime†Musou: Otome Tairan - Gakuensai da yo! Zenin Shuugou no Koto,Shin Koihime†Musou: Otome Tairan OVA.,5
Doukyuusei (OVA): Climax,A sequel of Doukyuusei,4
Mahou Senshi Sweet Knights: Heroine Ryoujoku Shirei,Based on a H game by Triangle.,7
Doukyuusei 2 (OVA),Based on a game by Elf.,6
Spiral Over,Based on the manga by Saitani Umetarou.,7
Love Forever,Based on the game by Bunny Pro.,7
12-sai. 2nd Season,Second season of .,4
Reijoku no Yakata,Based on a game by CLOCKUP.,6
Houkago Renai Club: Koi no Étude,Based on an adult game by Libido.,7
Junjou Shoujo Et Cetera,Based on the adult manga by Miyabi.,7
Yobai Suru Shichinin no Harame,Based on the adult game by Guilty.,7
Kyonyuu Try!: Tanki Shuuchuu Chichi Momi Lesson,Based on the adult game by Marine.,7
"Pakomane: Watashi, Kyou kara Meimon Yakyuubu no Seishorigakari ni Narimasu... The Animation",Based on erotic game by Frill.,6
Rennyuu Tales The Animation,Based on the adult manga by momi.,7
Wheels,Directed and animated by Hotchi Kazuhiro.,6
Miss Monochrome The Animation: Manager,Limited edition OVA episode of Miss Monochrome.,7
Momoiro Milk,Based on the adult manga by Araiguma.,7
Oshaburi Announcer,Based on the adult game by Marine.,7
Fuurinkanzan,Based on an adult game by Lune.,7
Love Colon,Based on the adult manga by emily.,7
Enkou Shoujo: Rikujoubu Yukki no Baai The Animation,Based on the game by Frill.,6
Kanojo ga Nekomimi ni Kigaetara,Based on the adult manga by Miyabi.,7
Shoujo kara Shoujo e...,Based on the erotic manga by Shiomaneki.,7
Binetsu Hime: Zange no Shou,Based on the manga by Saiya.,6
Tokumu Sousakan Rei & Fuko,Based on the game series by Black-Lilith.,7
Zecchou Rocket,Based on an adult manga by Taropun.,7
Zan Sayonara Zetsubou Sensei Bangaichi,A new Sayonara Zetsubou Sensei OVA.,6
Yokujou Bazooka The Animation,Based on the adult manga by Taropun,7
Junk Land The Animation,Based on the erotic manga by Shimimaru.,7
Ero Manga Mitai na Koi Shiyo,Based on the manga by Yasui Riosuke.,7
Tsuki Kagerou,Based on the game by Studio Miris.,7
Houkago Initiation,Adaptation of the manga by Arai Kei.,7
Shion,Based on the game by Lilith Mist.,7
Kuro no Kyoushitsu,Based on the adult game by Bishop.,7
Mesu Kyoushi 4: Kegasareta Kyoudan,Based on the erotic game by Bishop.,7
Toilet no Hanako-san vs Kukkyou Taimashi,Based on the CG collection by loopsoft.,7
Marshmallow★Imouto★Succubus★,Based on the erotic game by Dwarfsoft.,7
Spectral Force Chronicle Divergence,Anime based on JRPG series Spectral Force.,7
Chijoku no Seifuku,Based on the game by Bishop.,6
Creamy Pie,Based on the adult manga by Emily.,7
Dokushin Apartment Dokudami-sou,Based on the manga by Takashi Fukutani.,7
Dainiji Ura Nyuugakushiken The Animation,Based on the doujin manga by Migumigu.,7
"Seiso de Majime na Kanojo ga, Saikyou Yaricir ni Kanyuu Saretara...? The Animation",Based on the game by Frill.,6
Abunai Sisters: Koko & Mika,Computer-animated gag shorts about two female agents.,7
BaBuKa: Gokudou no Tsuma,The sexual adventures of various mature women.,7
Upotte!!: Miatte Waratte,OVA bundled with 4th volume of manga.,7
Pinkerton,Adaptation of the manga by Monorino.,6
Goku Sayonara Zetsubou Sensei,Sayonara Zetsubou Sensei OVA.,4
Meikoku Gakuen: Jutai-hen,Based on the game by Lune.,6
Tenioha!: Onnanoko datte Honto wa Ecchi da yo?,Based on the erotic game by Rootnuko+H.,7
Green Eyes: Ane Kyun! yori The Animation,Based on the manga by Yuzuki N'.,7
Waisetsu Missile The Animation,Based on the adult manga by Taropun.,7
Gakuen Shinshoku: XX of the Dead,Based on the game by Syoku.,6
Pandra The Animation: Shiroki Yokubou Kuro no Kibou,Based on the manga by Erect Sawaru.,7
Fella Hame Lips,Based on the manga by Fue.,6
Toaru Kagaku no Railgun S: Daiji na Koto wa Zenbu Sentou ni Osowatta,Bundled with the official visual book.,6
Drifters: Special Edition,Bundled with the fifth manga volume.,6
Love Bitch: Yasashii Onna,Based on the manga by LINDA.,6
Seikatsu Shidou!! Anime Edition,Based on the Doujinshi by Uran.,6
Imakara Atashi......,Based on the doujinshi by Kaisei Kishi.,7
Kansen: Ball Buster The Animation,Based on the erotic game by Speed.,7
Kowaremono: Risa Plus The Animation,Based on the manga by Yoshiron.,6
Ikkitousen: Shuugaku Toushi Keppuuroku,Ikkitousen OVA.,2
Momoiro Bouenkyou Anime Edition,Based on the doujin manga.,5
Zutto Suki Datta,Based on the manga by Yuzuki N'.,7
Haiyore! Nyaruko-san W: W ni Sayonara/Kono Onsen ni Koi no Konton wo,Hot Spring-themed OVA of .,5
Kyonyuu Kazoku Saimin,Based on the erotic game by Lune.,7
Misuzu: Ikenai Koto,An adaptation of Yuu Mizuhara's manga.,6
Sagurare Otome The Animation,Based on the manga by Mizuhara Yuu.,7
Boku no Yayoi-san 2,A continuation of .,4
Shiiku x Kanojo: Tenshi no Kousoku-hen,An adaptation of the visual novel .,7
Gyakuten Majo Saiban: Chijo na Majo ni Sabakarechau The Animation,Based on the erotic game by Erectlip.,7
Lo Re: Pako Sukusuku Mizuki-chan The Animation,Based on the manga by Red Akazawa.,7
Daraku Reijou The Animation: Hakoiri Ojousama Netorare Choukyou Kiroku,Based on the doujin manga by Kemigawa.,7
Idol Kyousei Sousa,Based on the manga by Crimson.,6
Strike the Blood IV,Fourth season of .,4
8-shaku 8-wa Kerakumeguri: Igyou Kaikitan The Animation,Based on the manga by Jyoka.,6
Buta no Gotoki Sanzoku ni Torawarete Shojo wo Ubawareru Kyonyuu Himekishi & Onna Senshi,Based on the erotic game by Erectlip.,7
"Kono Naka ni Hitori, Imouto ga Iru!: Ani, Imouto, Koibito",Unaired 13th episode of the TV series.,7
Super Lovers OVA,Bundled with manga's tenth and eleventh volume.,7
Kodomo no Jikan Ni Gakki,The second season of Kodomo no Jikan.,7
Bug tte Honey: Megarom Shoujo Mai 4622,Movie of the .,4
Tetsuwan Atom to Sagurou! Dosei wo Mawaru Shinpi no Hoshi Titan,Another planetarium film.,3
Lata Dawang Qiyu Ji (Movie),Movie version of .,4
Kangaeru Jikan,A short rotoscope film by Mika Seike.,7
Koukaku Kidoutai: SAC_2045 - Jizoku Kanou Sensou,Compilation film of with new scenes.,6
Mako-chan no Koutsuu Anzen,An educational film about traffic safety.,6
Taka no Tsume 8: Yoshida-kun no Batten File,The eighth film in the film series.,7
Onpu,An educational film about rhythm and tempo.,7
Sword Art Online: Progressive Movie - Kuraki Yuuyami no Scherzo,Second movie.,2
Hana (2006),Kenji Kawasaki's first film.,4
Kahei no Umi,Biopic of Takadaya Kahei.,4
Dragon Ball Super: Super Hero,Sequel movie to .,4
Huyao Xiao Hongniang Movie: Xia Sha,Movie version of .,4
Ten,Independent animation by Suzuki Shiniichi (鈴木伸一).,6
Soukyuu no Fafner: Dead Aggressor - The Beyond Part 4,Episodes 10-12 of the series.,5
Tsurune: Kazemai Koukou Kyuudoubu Movie,Movie adaptation of .,4
Gavora,A psychedelic short film by Nobuhiro Aihara.,7
Re:cycle of the Penguindrum,"Compilation of , including new scenes.",6
"Popping, Mixing",A short film by Ryoji Yamada.,6
Himitsukessha Taka no Tsume The Movie 3: http://takanotsume.jp wa Eien ni,The third Eagle Talon movie.,5
Pokopon no Yukai na Saiyuuki,Pokopon version of Journey to the West.,7
Tenjouhen: Utsunomiko,Prequel of Utsunomiko.,3
Saezuru Tori wa Habatakanai: The Storm Breaks,Second movie of .,4
Oshizuka ni,A short film by Okamoto Tadanari.,6
Overlord Movie 3: Sei Oukoku-hen,New film.,2
Tsuyoshi Shikkari Shinasai: Tsuyoshi no Time Machine de Shikkari Shinasai,Tsuyoshi Shikkari Shinasai movie.,4
Port of Wormy,A surreal short created by Mirai Mizue.,7
Around the World!,Naoki Yoshibe's graduation work.,4
Tsuru no Ongaeshi,A puppet animation movie by Kazuhiko Watanabe. ,7
Kamiusagi Rope 3,3rd season of Kamiusagi Rope.,5
Magical★Taruruuto-kun: Sukisuki Takoyaki!,The third movie of Magical Taruruuto-kun,6
Oumagatoki,A psychedelic short film by Nobuhiro Aihara.,7
Toku: Touken Ranbu - Hanamaru - Setsugetsuka,anime movie trilogy.,3
Hello Kitty no Oyayubi-hime,A theatrical version of Thumbelina.,5
Himitsukessha Taka no Tsume The Movie 1: Soutou wa Nido Shinu,The first Eagle Talon movie.,5
Lotus,Vividly colored psychedelic animation.,4
Shinkai no Survival!,Second movie of learning manga.,5
Free! Movie 5: The Final Stroke - Kouhen,The second part of the movies.,6
Rock'n Roll Sentou,An early short film by Ryoji Yamada.,7
Magical★Taruruuto-kun: Moeru! Yuujou no Mahou Taisen,Second movie of Magical Taruruuto-kun,5
Onigakure Yama no Soba no Hana,A short film by Okamoto Tadanari.,6
Tarou wa Mizu ni Naritakatta,Short film directed by Kenji Iwaisawa.,6
Chibikuro Sambo to Futago no Otouto,A short puppet animation movie.,5
Ikiteirutte Subarashii!,A Toei film directed by Yabuki Kimio.,7
Plus 50000-nen,A short movie by Otogi Production.,6
"""Uchuu Senkan Yamato"" to Iu Jidai: Seireki 2202-nen no Sentaku",Compilation of .,3
Hannyashingyou,A film by Keiichi Tanaami.,5
Bakuten!! Movie,Follow-up anime film for,4
Shuugou no Kangae,An educational film about abstract thought.,6
Risu no Panache,A short film by Okamoto Tadanari.,6
Mazica Party Movie,Compilation movie for the TV series .,7
Magical★Taruruuto-kun Movie,First movie of Magical Taruruuto-kun,5
Eizou (Kage),A black-and-white flicker film by Nobuhiro Aihara.,7
Gekijou Tanpen Macross Frontier: Toki no Meikyuu,Short screened with .,4
Urameshi Denwa,A short film by Okamoto Tadanari.,6
Kitsutsuki: The Ten Hole Stories,G9+1 film.,2
Rokumon Tengai Mon Colle Knights Movie: Densetsu no Fire Dragon,An alternative interpretation of the series' start.,7
Kochira Katsushikaku Kameari Kouenmae Hashutsujo The Movie 2: UFO Shuurai! Tornado Daisakusen!!,More movie mayhem for Ryoutsu. ,5
Soukyuu no Fafner: Dead Aggressor - The Beyond Part 3,Episodes 7-9 of the series.,5
Soukyuu no Fafner: Dead Aggressor - The Beyond Part 2,Episodes 4-6 of the series.,5
Shi Wan Ge Leng Xiaohua Movie 1,The film adaptation of the web manhua.,7
Tropical-Rouge! Precure Petit Tobikome! Collaboration ♡ Dance Party!,Short movie screened alongside of,5
Kouya no Kotobuki Hikoutai Kanzenban,Compilation film with new content.,5
Xi Xing Ji: Zaijian Wukong,Prequel to the series.,4
Mori no Densetsu: Dai Ni Gakushou,Sequel of .,3
Tiger Mask (Movie),Re-edit of Episode 9&10.,4
Tiger Mask Fuku Men League Sen,Summary of episode 23 to 26.,6
Youkai Watch Movie 6: Youkai Gakuen Y - Neko wa Hero ni Nareru ka,Sixth film.,2
Maroko,Summary for the Gosenzosama Banbanzai! OVA.,6
Bonobono,The first theatrical Bonobono movie.,5
Petit☆Dream Stars! Let's La Cooking? Showtime!,A 3DCG short screened alongside .,6
Ki Renka,Independent animation by Hayashi Seiichi.,5
Mirai Shounen Conan: Kyodaiki Gigant no Fukkatsu,Mirai Shounen Conan movie.,4
Dragon Quest Retsuden: Roto no Monshou,The adventures of Arus's childhood.,5
Gundam: G no Reconguista Movie I - Ike! Core Fighter,Summary of the first half of series.,7
Youkai Watch Movie 2: Enma Daiou to Itsutsu no Monogatari da Nyan!,Second movie.,2
Touken Ranbu: Hanamaru - Makuai Kaisouroku,Recap movie of .,4
s.CRY.ed Alteration II: Quan,Second part of the recap.,5
Ojiichan ga Kaizoku Datta Koro,Puppet animation by Tadanari Okamoto.,5
"Wake Up, Girls! Beyond the Bottom",Second movie sequel of .,5
gdgd Fairies Movie: tte Iu Eiga wa Dou kana...?,Movie of gdgd Fairies.,4
Love Live! Sunshine!! Photo Session,Short theater manners shown before .,6
Ari to Hato (1959),Third remake of the Ari to Hato.,7
Kage,Independent animation by Hayashi Seiichi.,5
Toumei Ningen,Independent animation by Shimamura Tatsuo.,5
Mini Hama: Minimum Hamatora Movies,Two special episodes of promoting the movie.,7
Fw:Hamatora,Summary movie of and .,5
Such a Good Place to Die,A short film by Onohana.,5
Dakaretai Otoko 1-i ni Odosarete Imasu. Movie: Spain-hen,Covers the Spain arc of the manga.,7
Fushigi na Kusuri,Puppet animation by Tadanari Okamoto.,5
Kamishibai Itazura Tanuki no Maki,A tanuki causes mischief at a temple.,7
Glass no Kamen Desu ga the Movie: Onna Spy no Koi! Murasaki no Bara wa Kiken na Kaori!?,New Glass no Kamen movie.,5
Cure Miracle to Mofurun no Mahou Lesson,Short screened alongside the .,5
Tarzan,Furukawa Taku film.,3
Land,Short animation directed by Masanobu Hiraoka.,6
Precure All Stars Movie: Haru no Carnival♪,New Precure All Stars movie.,5
Ahiru no Ko,An adaptation of the .,5
Mobile Suit Gundam Thunderbolt: Bandit Flower,Compilation film for .,4
Katsura Hime,Short film about a princess being kidnapped.,7
Detective Conan Movie 24: The Scarlet Bullet,24th Movie.,2
Sankou to Tako: Hyakumanryou Chinsoudou,Short movie from 1933.,4
Cencoroll Connect,The sequel to .,4
The Laughing Spider,A short movie by Keiichi Tanaami.,6
Entotsuya Peroo,"Tale of the chimney sweep, Peroo.",6
Malay Oki Kaisen,A war propaganda film by Oofuji Noburou.,7
Kamishibai Kintarou no Maki,Another classic adaptation of from Japanese folklore.,7
Chikotan,Okamoto Tadanari short film.,4
Yubi wo Nusunda Onna,A short film by Saori Shiroki.,6
Mimizu Monogatari,Short film by Kurosaka Keita.,5
Venus,Film by Takashi Ito.,4
Scrap Diary,An abstract work by Keichii Tanaami.,6
Shashinki '87,Film by Takashi Ito.,4
Play Jazz,Furukawa Taku film.,3
Shashinki,Film by Takashi Ito.,4
Wall,Film by Takashi Ito.,4
Shingeki no Kyojin Movie 2: Jiyuu no Tsubasa,Recap of episodes 14-25.,4
Hakuouki Movie 2: Shikon Soukyuu,Second part of two Hakuouki movies.,6
Recorder,Short animation by Ryu Kato.,5
Mobile Suit Gundam: Twilight Axis - Akaki Zan-ei,Compilation film of .,4
Spacy,Film by Takashi Ito.,4
Grim,Film by Takashi Ito.,4
Break Blade 5: Shisen no Hate,Fifth Break Blade Movie.,4
Thunder,Film by Takashi Ito.,4
Marulk-chan no Nichijou,Shorts played before in Japan's theatrical screenings.,7
Playground,Another experimental film by Mirai Mizue.,6
Doubutsu Mura no Sports Day,Short movie from 1932.,4
Break Blade 4: Sanka no Chi,Fourth Break Blade Movie.,4
Memories: Younenki no Joukei,Film by Tanaami Keiichi.,4
Ghost,Film by Takashi Ito.,4
Date A Bullet: Nightmare or Queen,Second part of the films.,5
Kaeru San Yuushi,Frogs fight crime in a bizarre world.,7
Miira no Yume,Film by Takashi Ito.,4
Mac the Movie,Furukawa Taku film.,3
Break Blade 3: Kyoujin no Ato,Third movie.,2
Bara Bara Film,Furukawa Taku film.,3
Ice Movie,Compilation movie of the previously released OVA.,7
K: Seven Stories - The Idol K,Shorts featuring the characters reimagined as idols.,7
Box,Film by Takashi Ito.,4
Youshi Kei: Mou Hitotsu no Nijiiro Toshi,Film by Tanaami Keiichi.,4
Kaze no Kokyuu: Animation ni Yoru Oufuku Shokan,Short animation by Keiichi Tanaami.,5
Break Blade 6: Doukoku no Toride,Sixth and final Break Blade movie.,6
Break Blade 2: Ketsubetsu no Michi,Second Break Blade movie.,4
Head Spoon,Furukawa Taku film.,3
Sayokyoku,Short film by Yamamura Kouji.,5
Doubutsu Sumo Taikai,Short movie from 1931.,4
Shingeki no Kyojin Movie 1: Guren no Yumiya,Recap of episodes 1-13.,4
Macross F Movie 2: Sayonara no Tsubasa,Second Macross Frontier movie.,4
Nezumi no Rusuban,Short movie from 1931.,4
Why Re-Mix 2002,Film by Tanaami Keiichi.,4
Akuma no Kairozu,Film by Takashi Ito.,4
Crazy for It,Yutaro Kubo's graduation film.,4
Re:Zero kara Hajimeru Isekai Seikatsu - Hyouketsu no Kizuna - Manner Movie,A manner movie shown before .,6
Haru no Uta,Short movie from 1931.,4
Manga,Short experimental animation from Yoji Kuri.,6
Dankichi-jima no Olympic Taikai,Short movie from 1932.,4
"""Tokyo""",A short film spelling Tokyo in hiragana.,7
Comics,Furukawa Taku film.,3
Haru no Shikumi,Short film by Atsushi Wada about Spring.,7
Issunboushi no Shusse,Anime short from 1929.,4
Koro-sensei Q!,A spin-off of .,4
Choujin Densetsu Urotsukidouji Movie,Summary of Choujin Densetsu Urotsukidouji.,5
Ninjutsu Hinotama Kozou: Edo no Maki,A short story about a young ninja.,7
Ningen Doubutsuen,A story about a human zoo.,6
Memory of Red,A short animation by Nobuhiro Aihara.,6
Kemeko no Love,Experimental short film from Yoji Kuri.,6
Overlord Movie 2: Shikkoku no Eiyuu,Second recap film.,3
Afro Samurai Movie,A movie adaptation of the TV series.,7
Overlord Movie 1: Fushisha no Ou,First recap film.,3
Mochibei,Short film by Kurosaka Keita.,5
Walking Man,Film by Tanaami Keiichi.,4
One Piece Movie 8: Episode of Alabasta - Sabaku no Oujo to Kaizoku-tachi,A retelling of the Alabasta arc.,6
Digimon Adventure 3D: Digimon Grand Prix!,"Digimon special, Mario Kart style racing.",6
Digimon Adventure tri. 5: Kyousei,Fifth film.,2
Red Colored Bridge,Experimental animation by Keiichi Tanaami.,5
Baka Baka Baka na Sekai,An absurd film by Kuri Youji.,6
Pop,Short experimental animation from Yoji Kuri.,6
Digimon Adventure tri. 6: Bokura no Mirai,Sixth and final film.,4
G-senjou no Higeki,Short experimental animation from Yoji Kuri.,6
Mao Zhi Ming Specials,Special episodes of Mao Zhi Ming.,6
Ruguo Lishi Shi Yiqun Miao: Miao Miao Mi Ya,History Cats dancing to popular tunes.,6
He Nü'er De Richang 2nd Season Special,Christmas special.,2
Kochira Katsushikaku Kameari Kouenmae Hashutsujo: Ryoutsu vs. Nakimushi Idol!? Nihon 1-shuu Dai Sugoroku Game!!,A special pitting Ryoutsu against Aidoru.,6
Race Eizou-hen,Advertisements for JRA-VAN's racehorse software.,5
Mister Ajikko Special,Youichi vs Ajizukin. ,3
Tobidase! Dokan-kun Specials,DVD specials of .,4
Kakko Kawaii Sengen! Specials,Specials included in DVDs.,4
Gun-dou Musashi Recap,Recap of episodes 1-9.,4
Regalia: The Three Sacred Stars Recaps,Recap episodes of narrated by Kaede Hondo.,7
Umbrella Fighter!,A story of childhood friends growing up.,7
The North Face Japan CMs,Commercials for The North Face Japan's products.,7
Kick & Slide: Kids B Happy no Ambassador wo Sagase!,A bonus episode of .,5
Mahoutsukai Sally Specials,The specials of .,4
Kuruneko: Kurunekobin,Specials included on the DVDs.,5
Meiken Lassie: Yume ni Mukatte Hashire!,The unaired episode 26 of .,6
Osomatsu-san x Mameshiba,A televised collaboration between and .,6
Mobile Suit Gundam UC: Zenwa Digest - Banagher no Tabiji,Special recap included with the Blu-ray box.,7
Cooking Papa Christmas Special,Special episode of . ,4
Nyancos: Hello! Our Brilliant Future Digest,Recap of OVA with added dialogue.,6
No Shiba no Shiba,Young monsters starting school.,4
"Saitama-ken Zaijuu, Fujiyama Osamu, 33-sai, Mushoku (NEET).: Fujilog Nyuumon-hen Specials","DVD exclusive episodes, chronologically episode 26-29.",6
Danchi Tomoo: Natsuyasumi no Shukudai wa Owatta no ka yo? Tomoo,Special of the series.,4
Fei Ren Zai: Shenxian Ye Ai Chi,Fei Ren Zai x Pizza Hut collaboration.,7
Sumiko,Shorts following a young girl's life.,6
Ponkotsu Quest: Maou to Haken no Mamono-tachi Specials,BD specials of .,4
Kkachi ae Nalgae,A direct sequel to .  ,5
Princess Principal: Crown Handler Movie 2 - Revealing Reviews,Short special included with the Blu-ray release.,7
Uchuu Senkan Yamato 2199: Hoshimeguru Hakobune Picture Drama,Picture dramas from the DVD/BDs.,5
Atashin'chi Specials,Special episodes of .,4
Life!,The series follows characters' humorous everyday lives.,7
Soukou Kihei Votoms: Case;Irvine - Tenmatsu,Picture drama included in the Blu-ray/DVD release.,7
Hoshi no Oujisama Petit☆Prince Specials,Unaired episodes 36-39 of .,5
Hashire Melos,A Gakken version of the .,6
Green Co-Op CMs,Green Co-Op's commercials created by Yoshiharu Satou.,7
The★Fire G-Men,Part of Safety Education Anime series.,6
Robinson Crusoe: Mujintou no Bouken,A Gakken version of the .,6
Golden Douga Gekijou Specials,Extra episodes included on the DVD/Blu-Ray releases.,7
Maken-Ki! Two Specials,Blu-ray/DVD specials of .,4
"Kochira Katsushikaku Kameari Kouenmae Hashutsujo: Ryoutsu no Asakusa Renewal Daisakusen!! - Aa, Omoide no Hanayashiki",A second and final special of 2006.,7
Girls & Panzer: Saishuushou Part 3 Specials,Specials included with Blu-ray and DVD.,6
Kochira Katsushikaku Kameari Kouenmae Hashutsujo: Ryou-san to Chuuken Lucky Monogatari - Kameari Dai Houimou wo Kawase!!,A television special.,3
Schick x Evangelion,Schick x Evangelion commercials.,4
Kekkaishi (TV): Yoshimori no Omoi,Recap of included in DVD Vol.4.,6
Dr. Slump: Arale-chan - Penguin Mura no Shouboutai,The cast of help promote fire safety.,7
Young Herlock wo Oe! Cosmo Warrior Zero Gaiden,Sequel to .,3
Princess Principal: Crown Handler Movie 1 - Busy Easy Money,Short special included in Blu-ray release.,6
Lupin III: Part 6 - Jidai,Episode 0 of series.,4
Tenchi Muyou! Ryououki 3rd Season Picture Drama,Picture Dramas released with the OVA volumes.,7
Kekkaishi,television commercial for Shounen Sunday magazine.,6
Nine: Kanketsu-hen,Last part of the Nine TV movies.,7
Sketchbook: Full Color's Picture Drama,Short specials from the DVDs.,5
Galaxy Angel Specials,VHS/DVD only episodes 21 and 26.,6
Tide-Line Blue: Kyoudai,DVD only 13th episode of the series.,7
Tegamibachi: Omakebachi,DVD short extra episodes.,4
Kiss Dum: Omokage,Special included with the Blu-ray Box Set.,7
Uchuu Senkan Yamato 2199: Tsuioku no Koukai,Recap of Uchuu Senkan Yamato 2199.,6
Onihei Pilot,Pilot version for Onihei OVA.,5
Peace Maker Kurogane Special,Peace Maker Kurogane special.,4
Nine 2: Koibito Sengen,Second part of the Nine TV movies.,7
Osomatsu-kun (1988): Appare! Chibita no Onitaiji zansu,New Year's Eve special of (1988).,6
Choujigen Game Neptune: Hi☆Light,Compilation of .,3
Tenkuu no Escaflowne Recaps,Recaps of included in the BD-BOX.,6
Potemayo Specials,Potemayo DVD specials.,3
Space Cobra Pilot,Pilot episode for the TV series.,6
Harukanaru Toki no Naka de 3: Kurenai no Tsuki Special,Hot spring chibi episode.,4
Donyatsu Specials,DVD specials of the Donyatsu series.,6
Tegamibachi Gakuen,specials.,1
Sexy Commando Gaiden: Sugoi yo!! Masaru-san Specials,Recap episodes.,2
Urusei Yatsura: The Shougaibutsu Suieitaikai,The story is from manga volume 23.,7
Marie & Gali Special,Special episode 9.5.,3
Soul Link Picture Drama,Main characters reminiscing about their past.,6
Tokyo 24-ku: Reversal Film,Recap of the first 9 episodes.,6
The SoulTaker: Tamashii-gari - Komugi Daisakusen,SoulTaker DVD specials featuring Komugi.,5
Sansha Sanyou Specials,Bundled with BD/DVD volumes 1-3.,5
Girls & Panzer: Saishuushou Part 2 Specials,Specials included with Blu-ray and DVD.,6
Mobile Suit Gakuen: G-Reco Koushien,Short specials bundled with the Blu-ray volumes.,7
Kurogane no Linebarrels Specials,"Episodes 25 & 26, added to DVD.",7
"Soushin Shoujo Matoi: Yuma-chin, Matomemashita - Nanimo Kitenakute... Natsu",A special recap episode of .,6
Umi Monogatari: Marin no Kore Naani?,DVD/Blu-ray specials of Umi Monogatari.,5
Cinderella Girls Gekijou 3rd Season Specials,Specials included on the BD/DVD of .,7
Karakuri Circus,television commercial for Shounen Sunday magazine.,6
Ikoku Meiro no Croisée Picture Drama,Ikoku Meiro no Croisée Picture Drama.,6
IDOLiSH7 Tokubetsu Bangumi: Kimi to Furikaeranaito!,Special recap episode of .,5
Junjou Shoujo Et Cetera Specials,Bonus short episodes,3
Macross Δ Movie: Gekijou no Walküre Specials,Specials released with the Blu-ray.,5
Hanasakeru Seishounen Recaps,Recap specials of Hanasakeru Seishounen.,5
Renkin San-kyuu Magical? Pokaan Specials,DVD specials.,2
Uchuu Senkan Tiramisù II Specials,Unaired episodes included with the Blu-ray volume.,7
Katte ni Kaizou Specials,3 specials released with the BD/DVDs.,6
Rebirth Special,Special episode of .,4
Fushigi na Somera-chan Special,Unaired episode included in BD/DVD sets.,6
High School DxD BorN: Ishibumi Ichiei Kanzen Kanshuu! Mousou Bakuyou Kaijo Original Video,Specials included with the Blu-ray/DVD volumes.  ,6
Gugure! Kokkuri-san Specials,Short episodes included with the Blu-ray/DVD volumes.,7
Penguin Musume♥Heart Special,ONA Special episode #11.5.,4
Yami Shibai: Furuido,Special Friday 13th episode of .,6
The iDOLM@STER Prologue SideM: Episode of Jupiter,Prequel story of featuring Jupiter.,5
Ensemble Stars! Recap Special,Recap of the first twelve episodes of,7
Mahoromatic End Year Special,Recap episode.,2
Arslan Senki (TV): Fuujin Ranbu - Arsen 4-koma Gekijou,Bundled with the Blu-ray/DVD volumes of .,7
Bernard-jou Iwaku.: Ofuro Dokusho,Special episode included with BD/DVD release.,6
Megalo Box Specials,Shorts included with the Blu-ray releases.,6
Shigofumi Picture Drama,Side stories released exclusively on DVD.,6
Paniponi Dash!: Danjite Okonaeba Kishin mo Kore wo Saku,Paniponi Dash! special included in the DVD-Box.,7
Arata Kangatari Picture Drama,Short specials added to DVDs and Blu-rays.,7
Garo: Honoo no Kokuin - Yurugaro,Comedic omake specials that aired after .,7
Sweet Valerian Specials,Eight DVD-only episodes.,3
Texhnolyze: Revisit,Recap of included on the DVD.,6
Buddy Go! 2,2nd Broadcast of of Oha Suta!,6
Dagram vs. Round-Facer,Flying Dougram battles in space.,5
Seto no Hanayome OVA Specials,30 seconds sketches/omakes from the OVAs.,6
Girls & Panzer: Nihon Senshadou Renmei News,Specials included in the Blu-ray/DVD volume 6.,7
Mahou Shoujo Lyrical Nanoha ViVid: Special Program,Recap of the TV anime.,5
Yu☆Gi☆Oh! Zexal Second: Iza! Saishuu Kessen e!! Special,Recap aired between episodes 58 and 59.,7
Uchuu Senkan Tiramisù Specials,Unaired episodes included with the Blu-ray volumes.,7
Shigofumi: Sore kara,The 13th episode of Shigofumi.,5
Shadowverse (TV) Recaps,Recap episodes of .,4
Dogeza de Tanondemita: Isekai-hen,Unaired episode 13 of .,5
Popee the Performer: Countdown Special,Countdown to New Years 2003.,5
BlazBlue: Alter Memory Specials,Specials included on Blu-ray/DVD volumes.,5
Mai-Otome Specials,Specials that followed on the Mai-Otome DVD.,7
Shin Strange+ Special,Unaired episode included with the Blu-ray/DVD release.,7
Arslan Senki (TV): Arsen 4-koma Gekijou,Bundled with the Blu-ray/DVD Volumes of .,7
Cardcaptor Sakura: Clear Card-hen Recap,Recap of first 12 episodes of .,7
KisKis! Wo de Nanyou Shi Bohe Tang,A promotional animation for mint candies.,6
Ryuugajou Nanana no Maizoukin (TV): Nanana Nippon Mukashibanashi,Specials included on the Blu-ray/DVD volumes.,6
Jinrui wa Suitai Shimashita Specials,DVD/BD Extras.,2
Wego Graphics,Commercials for the WEGO GRAPHICS brand.,6
Chihayafuru 3: Ima Hitotabi no,Recap of first fifteen episodes of .,7
Canaan: Minorikawa Report 201X Shanghai,Special included in BD vol. 5.,6
Kyoushirou to Towa no Sora Specials,Special shorts focusing on character relationships.,6
Usakame Special,Unaired episode included with the Blu-ray.,6
Witch Craft Works Specials,Specials included in Blu-rays/DVDs of .,6
Sword Art Online: Sword Art Offline,BD/DVD specials.,2
Rokujouma no Shinryakusha!?,A 6-minute promotion video of the novel.,7
Softenni Specials,Special episodes from the Blu-rays and DVDs.,7
Kono Yo no Hate de Koi wo Utau Shoujo YU-NO Recap,Recap of the first half of series.,7
Taimanin Yukikaze Special,Side story of .,4
Baka to Test to Shoukanjuu Mini Anime,Included with the complete Blu-ray Box.,6
Tokyo Magnitude 8.0 Recap,Recap special of Tokyo Magnitude 8.0.,6
Itsuka Tenma no Kuro Usagi Special,"""Chibi-style"" special included in the last Blu-Ray.",7
W: Wish Omake,DVD only Extras.,3
Shikabane Hime: Puchitto,Chibi comedy released as a DVD extra.,7
Sayonara Zetsubou Sensei Special Omake,A special short in BD BOX.,6
Dai Mahou Touge Omake,Omake (extra) of Dai Mahou Touge.,6
Hentatsu (TV) Recap,Short narrated recap of .,5
Norn9: Norn+Nonet Recap,Recap of episodes 1-9 of .,6
Break Blade Picture Drama,DVD/BD extra.,2
Hidamari Sketch x 365 Specials,Special episodes of .,4
Hakyuu Houshin Engi Recap,Recap episode of .,4
Hit wo Nerae! Specials,DVD only specials.,3
Pokemon XY: Koukoku no Princess Diancie,"Prequel to the 17th Pokémon movie, .",7
Rurouni Kenshin Recap,This is a summary of episodes 34-56.,7
Fate/Grand Order: Zettai Majuu Sensen Babylonia Recaps,Recap episodes for .,4
Osomatsu-san: Ouma de Kobanashi,New Osomatsu-san special.,3
Beelzebub Specials,Beelzebub specials included in the BD/DVD releases.,7
Black Cat (TV): Toozakaru Neko,Black Cat DVD only episode.,5
Code Geass: Fukkatsu no Lelouch Picture Drama,Picture drama included in the Blu-ray/DVD release.,7
Hidamari Sketch Specials,Sequel of the TV series.,5
Kyoto Animation: Kasa-hen,Kyoto Animation commercial.,3
Keishichou Tokumubu Tokushu Kyouakuhan Taisakushitsu Dainanaka: Tokunana Recap,Recap of first eight episodes of .,7
Oda Nobuna no Yabou Recap,A summary episode of the whole series.,7
Top wo Nerae! Gunbuster Specials,A series of shorts related to Gunbuster.,7
Seikaisuru Kado: Ekwari,Recap of first six episodes of .,7
Redline Pilot,Pilot episode for the movie.,5
Null Peta Special,Extra episode included in the Blu-ray/DVD release.,7
Toaru Majutsu no Index-tan III,New series of shorts featuring Index-tan.,6
Full Metal Panic! Invisible Victory Intermission,Recap episodes of .,4
Jormungand: Perfect Order Recap,A recap of season 1.,5
Daiakuji: The Xena Buster Specials,Specials of the series.,4
"Hatena☆Illusion: Koi to Mahou no Illusion de, Muchuu Sasechaimasu! Special",Recap of first 6 episodes of .,7
Koukyoushihen Eureka Seven: Kinkyuu Tokuban Navigation ray=out,Summary of Eureka Seven until Episode 26.,7
A-Channel: +A-Channel,Extra specials from the DVD/BDs.,5
Isshuukan Friends. Specials,Specials included in the Blu-ray/DVD releases.,6
"Boku no Imouto wa ""Osaka Okan"": Uchi no Oniichan wa Tokyo Rule",Special episode bundled with the BD.,6
Inyouchuu Etsu Special,Special of .,3
Anitore! XX: Hitotsu Yane no Shita de Specials,Specials bundled with Blu-ray volume of .,7
Cheer Danshi!! Recap,Recap of first 5 episodes of,6
Pokemon XY SP: Road to Kalos,Prequel special to the Pokemon XY series.,7
In Search of Axis,Polygon Pictures Inc.'s first animated work.,6
Hibike! Euphonium 2 Specials,Short specials included in the Blu-ray/DVD releases.,7
"Go! Go! 575: Meippai ni, Hajiketeru?",Special episode introducing a new character.,6
Choboraunyopomi Gekijou Dai Ni Maku Ai Mai Mii: Mousou Catastrophe Special,Unaired episode inluded with the Blu-ray/DVD release.,7
Hyakka Ryouran: Samurai Bride Specials,Specials included on DVDs and Blu-rays.,6
Phantom: Requiem for the Phantom Picture Drama,DVD/BD specials.,2
Yuyushiki: Nyanyashiki,Specials bundled with the BD/DVD volumes.,6
Berserk Recap,Recap episode of .,4
Diabolik Lovers Recap,Recap of episodes 1-6 with new narrations.,7
Koisuru Asteroid: Furikaeri - KiraKira Special!,Recap of first 6 episodes of .,7
Vivy: Fluorite Eye's Song - To Make Everyone Happy With My Singing,Recap of all 13 episodes of .,7
Girls & Panzer Specials,Mini episodes bundled with Blu-rays and DVDs.,7
Teekyuu 3 Specials,Short specials included in the BD release.,7
Mangaka-san to Assistant-san to The Animation Specials,Specials released with the Blu-ray/DVD volumes.,6
Hibike! Euphonium: Suisougaku-bu no Nichijou,Short specials included in the Blu-ray/DVD releases.,7
Teekyuu 2 Specials,Short specials included in the Blu-ray release.,7
Yuru Yuri Nachuyachumi!+,Extra episodes of,3
Gakuen Heaven: Hamu Hamu Heaven,Specials from the Gakuen Heaven DVDs.,6
Ebiten: Kouritsu Ebisugawa Koukou Tenmonbu Specials,BD/DVD specials.,2
Kyoukai no Kanata Movie: I'll Be Here - Kako-hen - Yakusoku no Kizuna,Music video from Blu-ray/DVD.,4
Gekkan Shoujo Nozaki-kun Specials,Specials bundled with the Blu-ray/DVDs.,5
Dokyuu Hentai HxEros: HxEros Report,Recap of the first seven episodes of,7
Danganronpa 3: Monokuma Gekijou,skits included in the Blu-ray Box Sets.,7
Taimanin Asagi Special,Side story of .,4
86 Part 2 Recaps,Recap episodes of Part 2.,5
Pandora Hearts Omake,Pandora Hearts DVD shorts.,4
Inugami-san to Nekoyama-san: Nekoyama-san to Onsen Ryokou,Unaired episode bundled with the Blu-ray/DVD Box-Set.,7
Aldnoah.Zero Extra Archives,Recap of the first season of series.,7
Gokujo.: Souda Onsen ni Ikou!!,Unaired ep.13 included on BD/DVD.,5
Ookami Shoujo to Kuro Ouji Recap,Recap of TV series.,4
Rozen Maiden: Meitantei Kunkun - Duell Walzer,Extra animation from the PS2 game.,6
Tensei shitara Slime Datta Ken 2nd Season: Kanwa - Veldora Nikki 2,Recap of .,3
AIKa Zero Picture Drama,Short specials added to DVDs and Blu-rays.,7
Yoku Wakaru Mahouka! - Saiseitte Nani?,Extra episode of included in the BD/DVD.,7
Accel World: Acchel World.,Spin-off of included on the anime Blu-ray/DVDs.,7
Dies Irae: Reimei,Episode 0 of .,4
Fate/kaleid liner Prisma☆Illya 3rei!! Specials,Specials included with the BD/DVD releases.,6
Hyakka Ryouran: Samurai Girls Specials,Special episodes added to DVDs and Blu-rays.,7
Amagami SS+ Plus Picture Drama,Picture Dramas from the DVD/BD Vol.7.,6
Makura no Danshi: Sono Ato no Makura no Danshi,Unaired episode bundled with the DVD.,6
Ben-To Picture Drama,Picture dramas from the DVD/BDs.,5
Taishou Mebiusline: Chicchai-san - You and I,Special episode of .,4
Ai Tenchi Muyou! Recaps,Recap episodes of,3
Queen's Blade: Gyokuza wo Tsugu Mono Specials,Special episodes added to DVDs and Blu-rays.,7
Nurarihyon no Mago Recaps,Nurarihyon no Mago Recaps.,4
Higurashi no Naku Koro ni Kai Specials,Specials that come with the DVDs.,6
Gangsta. Recap,Recap of episodes 1-9 of,5
Vanquished Queens Specials,Specials included on the Vanquished Queens Blu-rays/DVDs.,7
Sword Art Online II: Sword Art Offline II,BD/DVD specials.,2
Military! Special,Episode 13 included with the Blu-ray/DVD release.,7
Isekai Cheat Magician: Yoiboshi no Matsuri to Majutsushi,Aired with the rebroadcast of .,6
Tonikaku Kawaii: Kaisou,Recap of all 12 episodes of .,7
Owari no Seraph: The Beginning of the End,Recap of 1st Season Aired Before .,7
Free!: FrFr - Short Movie,Specials bundled with the DVD/BDs.,5
Dungeon ni Deai wo Motomeru no wa Machigatteiru Darou ka II: Past & Future,Recap of the first season of .,7
Berserk: Majo no Tsuisou,Recap episode of .,4
Sword Art Online: Alicization - War of Underworld Recap,Recap of .,3
2005-nen Uchuu no Tabi,Experimental short film by Michio Mihara.,6
Toaru Majutsu no Index-tan,A series of shorts featuring Index-tan.,6
Saihate no Paladin: Michiyuki,Recap of the first 7 episodes.,6
Queen's Blade: Rurou no Senshi Specials,Special episodes added to DVDs and Blu-rays.,7
Fullmetal Alchemist: Brotherhood - 4-Koma Theater,Short specials from the DVDs/BDs.,5
Grisaia no Kajitsu Specials,Short specials added to Blu-ray/DVD volumes.,6
Ore no Imouto ga Konnani Kawaii Wake ga Nai: SD Chara ni Yoru Character Commentary,Special episodes from the BD/DVDs.,5
Shinchou Yuusha: Kono Yuusha ga Ore Tueee Kuse ni Shinchou Sugiru Recap,Recap of first nine episodes of . ,7
Bakemonogatari Recap,A recap of episodes 1-5 of Bakemonogatari.,7
Hand Shakers: Go ago Go,Unaired 13th Episode of .,5
Loveless Specials,DVD specials.,2
Ladies versus Butlers! Tokuten Disc Music Clip,Special music clip released on DVD.,6
JoJo no Kimyou na Bouken Part 5: Ougon no Kaze Recaps,Recaps of the series.  ,4
Sukitte Ii na yo.: Mei and Marshmallow,Specials released with the anime BD/DVD.,6
IS: Infinite Stratos 2 - Infinite Wedding,Picture drama included on the Blu-ray BOX.,7
Beatless Intermission,Recap episodes of .,4
